{
  "collection": {
    "info": {
      "_postman_id": "a346ce06-3faa-47c3-88f0-4924ab4ca92d",
      "name": "Api Whatsapp",
      "schema": "https://schema.getpostman.com/json/collection/v2.1.0/collection.json",
      "updatedAt": "2023-01-24T22:42:53.000Z"
    },
    "item": [
      {
        "name": "Instance Controller",
        "item": [
          {
            "name": "Views",
            "item": [
              {
                "name": "QrCode",
                "id": "e13e73d1-ca81-46b7-82a9-717e1558284e",
                "protocolProfileBehavior": {
                  "disableBodyPruning": true
                },
                "request": {
                  "method": "GET",
                  "header": [],
                  "url": {
                    "raw": "{{baseUrl}}/instance/qrcode/{{instance}}",
                    "host": [
                      "{{baseUrl}}"
                    ],
                    "path": [
                      "instance",
                      "qrcode",
                      "{{instance}}"
                    ]
                  }
                },
                "response": []
              }
            ],
            "id": "c58c742f-3010-4e95-99f8-28feeb37891a"
          },
          {
            "name": "Create Instance",
            "id": "0e70f058-7b96-4ca9-a31c-408bb638c00b",
            "protocolProfileBehavior": {
              "disableBodyPruning": true
            },
            "request": {
              "auth": {
                "type": "apikey",
                "apikey": [
                  {
                    "key": "in",
                    "value": "header",
                    "type": "string"
                  },
                  {
                    "key": "key",
                    "value": "apikey",
                    "type": "string"
                  },
                  {
                    "key": "value",
                    "value": "{{globalApikey}}",
                    "type": "string"
                  }
                ]
              },
              "method": "POST",
              "header": [],
              "body": {
                "mode": "raw",
                "raw": "{\r\n  \"instanceName\": \"codechat\"\r\n}",
                "options": {
                  "raw": {
                    "language": "json"
                  }
                }
              },
              "url": {
                "raw": "{{baseUrl}}/instance/create",
                "host": [
                  "{{baseUrl}}"
                ],
                "path": [
                  "instance",
                  "create"
                ]
              }
            },
            "response": []
          },
          {
            "name": "Fetch Instances",
            "id": "cf9aeacf-dd2e-4798-8c9a-123420d2b66e",
            "protocolProfileBehavior": {
              "disableBodyPruning": true
            },
            "request": {
              "auth": {
                "type": "apikey",
                "apikey": [
                  {
                    "key": "in",
                    "value": "header",
                    "type": "string"
                  },
                  {
                    "key": "key",
                    "value": "apikey",
                    "type": "string"
                  },
                  {
                    "key": "value",
                    "value": "{{globalApikey}}",
                    "type": "string"
                  }
                ]
              },
              "method": "GET",
              "header": [],
              "url": {
                "raw": "{{baseUrl}}/instance/fetchInstances?instanceName={{instance}}",
                "host": [
                  "{{baseUrl}}"
                ],
                "path": [
                  "instance",
                  "fetchInstances"
                ],
                "query": [
                  {
                    "key": "instanceName",
                    "value": "{{instance}}"
                  }
                ]
              }
            },
            "response": []
          },
          {
            "name": "Instance Connect",
            "id": "39ef2c5a-bb9e-4996-94b5-689d161f5412",
            "protocolProfileBehavior": {
              "disableBodyPruning": true
            },
            "request": {
              "method": "GET",
              "header": [],
              "url": {
                "raw": "{{baseUrl}}/instance/connect/{{instance}}",
                "host": [
                  "{{baseUrl}}"
                ],
                "path": [
                  "instance",
                  "connect",
                  "{{instance}}"
                ]
              }
            },
            "response": []
          },
          {
            "name": "Connection Status",
            "id": "7b4d3891-9a72-4b8c-9fa8-393308273b99",
            "protocolProfileBehavior": {
              "disableBodyPruning": true
            },
            "request": {
              "method": "GET",
              "header": [],
              "url": {
                "raw": "{{baseUrl}}/instance/connectionState/{{instance}}",
                "host": [
                  "{{baseUrl}}"
                ],
                "path": [
                  "instance",
                  "connectionState",
                  "{{instance}}"
                ]
              }
            },
            "response": []
          },
          {
            "name": "Logout Instance",
            "id": "c852edac-88bc-4b14-8452-dc00749797f1",
            "protocolProfileBehavior": {
              "disableBodyPruning": true
            },
            "request": {
              "method": "DELETE",
              "header": [],
              "url": {
                "raw": "{{baseUrl}}/instance/logout/{{instance}}",
                "host": [
                  "{{baseUrl}}"
                ],
                "path": [
                  "instance",
                  "logout",
                  "{{instance}}"
                ]
              }
            },
            "response": []
          },
          {
            "name": "Delete Instance",
            "id": "4bb47543-b864-41fe-b53d-4e6fd135764a",
            "protocolProfileBehavior": {
              "disableBodyPruning": true
            },
            "request": {
              "method": "DELETE",
              "header": [],
              "url": {
                "raw": "{{baseUrl}}/instance/delete/{{instance}}",
                "host": [
                  "{{baseUrl}}"
                ],
                "path": [
                  "instance",
                  "delete",
                  "{{instance}}"
                ]
              }
            },
            "response": []
          }
        ],
        "id": "6513b816-9425-4ca7-b350-5f137dcf7239",
        "event": [
          {
            "listen": "prerequest",
            "script": {
              "id": "5777fabe-31ff-4f2e-b782-6b089f990b67",
              "type": "text/javascript",
              "exec": [
                ""
              ]
            }
          },
          {
            "listen": "test",
            "script": {
              "id": "fe0c8c67-1abf-4863-8a11-8f3dd54e6fa2",
              "type": "text/javascript",
              "exec": [
                ""
              ]
            }
          }
        ]
      },
      {
        "name": "Send Message Controller",
        "item": [
          {
            "name": "Send Text",
            "id": "0989292a-7aba-4ba8-9b48-7097b3eaf218",
            "protocolProfileBehavior": {
              "disableBodyPruning": true
            },
            "request": {
              "method": "POST",
              "header": [],
              "body": {
                "mode": "raw",
                "raw": "{\r\n  \"number\": \"5531900000000\",\r\n  \"options\": {\r\n    \"delay\": 1200\r\n  },\r\n  \"textMessage\": {\r\n    \"text\": \"ok\"\r\n  }\r\n}",
                "options": {
                  "raw": {
                    "language": "json"
                  }
                }
              },
              "url": {
                "raw": "{{baseUrl}}/message/sendText/{{instance}}",
                "host": [
                  "{{baseUrl}}"
                ],
                "path": [
                  "message",
                  "sendText",
                  "{{instance}}"
                ]
              }
            },
            "response": []
          },
          {
            "name": "Send Media",
            "id": "4d17edef-f237-4f00-906d-71687a2210d8",
            "protocolProfileBehavior": {
              "disableBodyPruning": true
            },
            "request": {
              "method": "POST",
              "header": [],
              "body": {
                "mode": "raw",
                "raw": "{\r\n  \"number\": \"5531900000000\",\r\n  \"options\": {\r\n    \"delay\": 1200\r\n  },\r\n  \"mediaMessage\": {\r\n    \"mediatype\": \"image | document | video | audio\",\r\n    \"fileName\": \"image.png\",\r\n    \"caption\": \"Description\",\r\n    \"media\": \"url or base64\"\r\n  }\r\n}",
                "options": {
                  "raw": {
                    "language": "json"
                  }
                }
              },
              "url": {
                "raw": "{{baseUrl}}/message/sendMedia/{{instance}}",
                "host": [
                  "{{baseUrl}}"
                ],
                "path": [
                  "message",
                  "sendMedia",
                  "{{instance}}"
                ]
              }
            },
            "response": []
          },
          {
            "name": "Send Buttons",
            "id": "6ad2b81b-096c-4889-9c2b-778eab259445",
            "protocolProfileBehavior": {
              "disableBodyPruning": true
            },
            "request": {
              "method": "POST",
              "header": [],
              "body": {
                "mode": "raw",
                "raw": "{\r\n  \"number\": \"5531900000000\",\r\n  \"options\": {\r\n    \"delay\": 1200\r\n  },\r\n  \"buttonMessage\": {\r\n    \"title\": \"Tutle Button\",\r\n    \"description\": \"Description Button\",\r\n    \"footerText\": \"Footer Button\",\r\n    \"buttons\": [\r\n      {\r\n        \"buttonText\": \"Click here 1\",\r\n        \"buttonId\": \"1\"\r\n      },\r\n      {\r\n        \"buttonText\": \"Click here 2\",\r\n        \"buttonId\": \"2\"\r\n      }\r\n    ],\r\n    \"mediaMessage\": {\r\n      \"mediatype\": \"image\",\r\n      \"fileName\": \"image.png\",\r\n      \"media\": \"https://images.freeimages.com/images/large-previews/31c/red-fox-in-the-wild-1-1624832.jpg\"\r\n    }\r\n  }\r\n}",
                "options": {
                  "raw": {
                    "language": "json"
                  }
                }
              },
              "url": {
                "raw": "{{baseUrl}}/message/sendButtons/{{instance}}",
                "host": [
                  "{{baseUrl}}"
                ],
                "path": [
                  "message",
                  "sendButtons",
                  "{{instance}}"
                ]
              }
            },
            "response": []
          },
          {
            "name": "Send Location",
            "id": "12dcb0d1-d6e1-465c-916e-8a238b1413e9",
            "protocolProfileBehavior": {
              "disableBodyPruning": true
            },
            "request": {
              "method": "POST",
              "header": [],
              "body": {
                "mode": "raw",
                "raw": "{\r\n  \"number\": \"5531900000000\",\r\n  \"locationMessage\": {\r\n    \"name\": \"Moeda - MG\",\r\n    \"address\": \"🗺️ Moeda 🗺️\",\r\n    \"latitude\": -20.32568196333534,\r\n    \"longitude\": -44.016271276581236\r\n  },\r\n  \"options\": {\r\n    \"delay\": 1200\r\n  }\r\n}",
                "options": {
                  "raw": {
                    "language": "json"
                  }
                }
              },
              "url": {
                "raw": "{{baseUrl}}/message/sendLocation/{{instance}}",
                "host": [
                  "{{baseUrl}}"
                ],
                "path": [
                  "message",
                  "sendLocation",
                  "{{instance}}"
                ]
              }
            },
            "response": []
          },
          {
            "name": "Send List",
            "id": "fc5feea6-9415-4036-8c5a-c8fccaf35e43",
            "protocolProfileBehavior": {
              "disableBodyPruning": true
            },
            "request": {
              "method": "POST",
              "header": [],
              "body": {
                "mode": "raw",
                "raw": "{\r\n  \"number\": \"5531900000000\",\r\n  \"listMessage\": {\r\n    \"title\": \"List Title\",\r\n    \"description\": \"List description\",\r\n    \"buttonText\": \"Click Here\",\r\n    \"footerText\": \"footer list\\nhttps://examplelink.com.br\",\r\n    \"sections\": [\r\n      {\r\n        \"title\": \"Row tilte 01\",\r\n        \"rows\": [\r\n          {\r\n            \"title\": \"Title row 01\",\r\n            \"description\": \"Lorem Ipsum is simply dummy text of the printing and typesetting industry. Lorem Ipsum has been the industry's standard dummy text ever since the 1500s,\",\r\n            \"rowId\": \"rowId 001\"\r\n          },\r\n          {\r\n            \"title\": \"Title row 02\",\r\n            \"description\": \"Lorem Ipsum is simply dummy text of the printing and typesetting industry. Lorem Ipsum has been the industry's standard dummy text ever since the 1500s,\",\r\n            \"rowId\": \"rowId 002\"\r\n          }\r\n        ]\r\n      },\r\n      {\r\n        \"title\": \"Row tilte 02\",\r\n        \"rows\": [\r\n          {\r\n            \"title\": \"Title row 01\",\r\n            \"description\": \"Lorem Ipsum is simply dummy text of the printing and typesetting industry. Lorem Ipsum has been the industry's standard dummy text ever since the 1500s,\",\r\n            \"rowId\": \"rowId 001\"\r\n          },\r\n          {\r\n            \"title\": \"Title row 02\",\r\n            \"description\": \"Lorem Ipsum is simply dummy text of the printing and typesetting industry. Lorem Ipsum has been the industry's standard dummy text ever since the 1500s,\",\r\n            \"rowId\": \"rowId 002\"\r\n          }\r\n        ]\r\n      }\r\n    ]\r\n  },\r\n  \"options\": {\r\n    \"delay\": 1200\r\n  }\r\n}",
                "options": {
                  "raw": {
                    "language": "json"
                  }
                }
              },
              "url": {
                "raw": "{{baseUrl}}/message/sendList/{{instance}}",
                "host": [
                  "{{baseUrl}}"
                ],
                "path": [
                  "message",
                  "sendList",
                  "{{instance}}"
                ]
              }
            },
            "response": []
          },
          {
            "name": "Send Contact",
            "id": "55802759-f91c-4963-a191-7bc6d58face5",
            "protocolProfileBehavior": {
              "disableBodyPruning": true
            },
            "request": {
              "method": "POST",
              "header": [],
              "body": {
                "mode": "raw",
                "raw": "{\r\n  \"number\": \"5531900000000\",\r\n  \"contactMessage\": [\r\n    {\r\n      \"fullName\": \"Contact Name\",\r\n      \"wuid\": \"5531988882222\",\r\n      \"phoneNumber\": \"+55 31 9 8888-2222\"\r\n    },\r\n    {\r\n      \"fullName\": \"Contact Name\",\r\n      \"wuid\": \"5531988882222\",\r\n      \"phoneNumber\": \"+55 31 9 8888-2222\"\r\n    },\r\n    {\r\n      \"fullName\": \"Contact Name\",\r\n      \"wuid\": \"5531922228888\",\r\n      \"phoneNumber\": \"+55 31 9 2222-8888\"\r\n    }\r\n  ],\r\n  \"options\": {\r\n    \"delay\": 1200\r\n  }\r\n}",
                "options": {
                  "raw": {
                    "language": "json"
                  }
                }
              },
              "url": {
                "raw": "{{baseUrl}}/message/sendContact/{{instance}}",
                "host": [
                  "{{baseUrl}}"
                ],
                "path": [
                  "message",
                  "sendContact",
                  "{{instance}}"
                ]
              }
            },
            "response": []
          },
          {
            "name": "Send Reaction",
            "id": "94e29b21-410d-470b-925c-0739ad36efcb",
            "protocolProfileBehavior": {
              "disableBodyPruning": true
            },
            "request": {
              "method": "POST",
              "header": [],
              "body": {
                "mode": "raw",
                "raw": "{\r\n  \"reactionMessage\": {\r\n    \"key\": {\r\n      \"remoteJid\": \"123@s.whatsapp.net\",\r\n      \"fromMe\": true,\r\n      \"id\": \"BAE5A75CB0F39712\"\r\n    },\r\n    \"reaction\": \"😒\"\r\n  }\r\n}",
                "options": {
                  "raw": {
                    "language": "json"
                  }
                }
              },
              "url": {
                "raw": "{{baseUrl}}/message/sendReaction/{{instance}}",
                "host": [
                  "{{baseUrl}}"
                ],
                "path": [
                  "message",
                  "sendReaction",
                  "{{instance}}"
                ]
              }
            },
            "response": []
          },
          {
            "name": "Send Audio WhatsApp",
            "id": "bb6b9445-7f29-42c7-b1b2-b9b9b9bfa121",
            "protocolProfileBehavior": {
              "disableBodyPruning": true
            },
            "request": {
              "method": "POST",
              "header": [],
              "body": {
                "mode": "raw",
                "raw": "{\r\n  \"number\": \"5531900000000\",\r\n  \"options\": {\r\n    \"delay\": 1200\r\n  },\r\n  \"audioMessage\": {\r\n    \"audio\": \"https://lp.naturefarm.site/wp-content/uploads/2023/01/WhatsApp-Ptt-2022-12-05-at-13.00.53.ogg\"\r\n  }\r\n}",
                "options": {
                  "raw": {
                    "language": "json"
                  }
                }
              },
              "url": {
                "raw": "{{baseUrl}}/message/sendWhatsAppAudio/{{instance}}",
                "host": [
                  "{{baseUrl}}"
                ],
                "path": [
                  "message",
                  "sendWhatsAppAudio",
                  "{{instance}}"
                ]
              }
            },
            "response": []
          }
        ],
        "id": "254b8181-a775-4f4c-b9f8-e7b61d77fed1"
      },
      {
        "name": "Chat Controller",
        "item": [
          {
            "name": "WhatsApp Number",
            "id": "d75c7dda-1473-401e-9775-69baa4ce3de3",
            "protocolProfileBehavior": {
              "disableBodyPruning": true
            },
            "request": {
              "method": "POST",
              "header": [],
              "body": {
                "mode": "raw",
                "raw": "{\r\n  \"numbers\": [\r\n    \"5531900000000\",\r\n    \"5531911111111\"\r\n  ]\r\n}",
                "options": {
                  "raw": {
                    "language": "json"
                  }
                }
              },
              "url": {
                "raw": "{{baseUrl}}/chat/whatsappNumbers/{{instance}}",
                "host": [
                  "{{baseUrl}}"
                ],
                "path": [
                  "chat",
                  "whatsappNumbers",
                  "{{instance}}"
                ]
              }
            },
            "response": []
          },
          {
            "name": "Read Messages",
            "id": "32f9cd0c-69c8-4319-8526-a8154b2891c5",
            "protocolProfileBehavior": {
              "disableBodyPruning": true
            },
            "request": {
              "method": "PUT",
              "header": [],
              "body": {
                "mode": "raw",
                "raw": "{\r\n  \"readMessages\": [\r\n    {\r\n      \"remoteJid\": \"123@s.whatsapp.net\",\r\n      \"fromMe\": false,\r\n      \"id\": \"80C4CE9B72F797DBC6ECD8D19B247FC9\"\r\n    }\r\n  ]\r\n}",
                "options": {
                  "raw": {
                    "language": "json"
                  }
                }
              },
              "url": {
                "raw": "{{baseUrl}}/chat/markMessageAsRead/{{instance}}",
                "host": [
                  "{{baseUrl}}"
                ],
                "path": [
                  "chat",
                  "markMessageAsRead",
                  "{{instance}}"
                ]
              }
            },
            "response": []
          },
          {
            "name": "Archive Chat",
            "id": "26364791-b1df-4abe-910d-98b295509754",
            "protocolProfileBehavior": {
              "disableBodyPruning": true
            },
            "request": {
              "method": "PUT",
              "header": [],
              "body": {
                "mode": "raw",
                "raw": "{\r\n  \"lastMessage\": {\r\n    \"key\": {\r\n      \"remoteJid\": \"123@s.whatsapp.net\",\r\n      \"fromMe\": false,\r\n      \"id\": \"80C4CE9B72F797DBC6ECD8D19B247FC9\"\r\n    }\r\n  },\r\n  // false: to unarchive\r\n  // true: to archive\r\n  \"archive\": false\r\n}",
                "options": {
                  "raw": {
                    "language": "json"
                  }
                }
              },
              "url": {
                "raw": "{{baseUrl}}/chat/archiveChat/{{instance}}",
                "host": [
                  "{{baseUrl}}"
                ],
                "path": [
                  "chat",
                  "archiveChat",
                  "{{instance}}"
                ]
              }
            },
            "response": []
          },
          {
            "name": "Delete Message",
            "id": "98b828cf-6eda-4d9c-afc9-5e27f3f06b21",
            "protocolProfileBehavior": {
              "disableBodyPruning": true
            },
            "request": {
              "method": "DELETE",
              "header": [],
              "body": {
                "mode": "raw",
                "raw": "{\r\n  \"id\": \"id\",\r\n  \"remoteJid\": \"remoteJid\",\r\n  \"fromMe\": true,\r\n  // optional\r\n  \"paticipant\": \"paticipant\"\r\n}",
                "options": {
                  "raw": {
                    "language": "json"
                  }
                }
              },
              "url": {
                "raw": "{{baseUrl}}/chat/deleteMessageForEveryone/{{instance}}",
                "host": [
                  "{{baseUrl}}"
                ],
                "path": [
                  "chat",
                  "deleteMessageForEveryone",
                  "{{instance}}"
                ]
              }
            },
            "response": []
          },
          {
            "name": "Fetch Profile Picture",
            "id": "0106583a-2842-432f-88bc-f63df3469e1c",
            "protocolProfileBehavior": {
              "disableBodyPruning": true
            },
            "request": {
              "method": "POST",
              "header": [],
              "body": {
                "mode": "raw",
                "raw": "{\r\n  \"number\": \"5531900000000\"\r\n}",
                "options": {
                  "raw": {
                    "language": "json"
                  }
                }
              },
              "url": {
                "raw": "{{baseUrl}}/chat/fetchProfilePictureUrl/{{instance}}",
                "host": [
                  "{{baseUrl}}"
                ],
                "path": [
                  "chat",
                  "fetchProfilePictureUrl",
                  "{{instance}}"
                ]
              }
            },
            "response": []
          },
          {
            "name": "Find Contacts",
            "id": "1ae99ab9-abca-4240-8097-a3aa067ebc90",
            "protocolProfileBehavior": {
              "disableBodyPruning": true
            },
            "request": {
              "method": "POST",
              "header": [],
              "body": {
                "mode": "raw",
                "raw": "{\r\n  \"where\": {\r\n    \"id\": \"5531900000000@s.whatsapp.net\"\r\n  }\r\n}",
                "options": {
                  "raw": {
                    "language": "json"
                  }
                }
              },
              "url": {
                "raw": "{{baseUrl}}/chat/findContacts/{{instance}}",
                "host": [
                  "{{baseUrl}}"
                ],
                "path": [
                  "chat",
                  "findContacts",
                  "{{instance}}"
                ]
              }
            },
            "response": []
          },
          {
            "name": "Get Base64 From Media Message",
            "id": "0e66db81-8d9c-41b1-bfb6-a274a185f977",
            "protocolProfileBehavior": {
              "disableBodyPruning": true
            },
            "request": {
              "method": "POST",
              "header": [],
              "body": {
                "mode": "raw",
                "raw": "\r\n{\r\n  \"key\": {\r\n    \"id\": \"3EB0AB73CDA6834B7C72\"\r\n  }\r\n}",
                "options": {
                  "raw": {
                    "language": "json"
                  }
                }
              },
              "url": {
                "raw": "{{baseUrl}}/chat/getBase64FromMediaMessage/{{instance}}",
                "host": [
                  "{{baseUrl}}"
                ],
                "path": [
                  "chat",
                  "getBase64FromMediaMessage",
                  "{{instance}}"
                ]
              }
            },
            "response": []
          },
          {
            "name": "Find Messages",
            "id": "4754ff87-4d2a-4933-9130-769c788cf625",
            "protocolProfileBehavior": {
              "disableBodyPruning": true
            },
            "request": {
              "method": "POST",
              "header": [],
              "body": {
                "mode": "raw",
                "raw": "/*\r\n  Each of these properties are optional.\r\n  With mongodb disabled, only the \"key.id\" property is available.\r\n  Remove all comments before submitting the request.\r\n*/\r\n{\r\n  \"where\": {\r\n    /* \r\n     * \"key.fromMe\": false,\r\n     * \"key.remoteJid\": \"123@s.whatsapp.net\",\r\n     * \"key.id\": \"1C42B68AFA410DBE198BA54DB7F45762\"\r\n    */\r\n    \"key\": {\r\n      \"fromMe\": false,\r\n      \"remoteJid\": \"123@s.whatsapp.net\",\r\n      \"id\": \"1C42B68AFA410DBE198BA54DB7F45762\"\r\n    },\r\n    \"message.[...]\": { }\r\n  },\r\n  // optional\r\n  \"limit\": 10\r\n}",
                "options": {
                  "raw": {
                    "language": "json"
                  }
                }
              },
              "url": {
                "raw": "{{baseUrl}}/chat/findMessages/{{instance}}",
                "host": [
                  "{{baseUrl}}"
                ],
                "path": [
                  "chat",
                  "findMessages",
                  "{{instance}}"
                ]
              }
            },
            "response": []
          },
          {
            "name": "Find Status Message",
            "id": "b261a9c9-d41c-4e75-a537-dbdafd872d5f",
            "protocolProfileBehavior": {
              "disableBodyPruning": true
            },
            "request": {
              "method": "POST",
              "header": [],
              "body": {
                "mode": "raw",
                "raw": "/*\r\n  Each of these properties are optional.\r\n  With mongodb disabled, only the \"id\" property is available.\r\n  Remove all comments before submitting the request.\r\n*/\r\n{\r\n  \"where\": {\r\n    \"_id\": \"6390fe2eba512dacefa8ce3a\",\r\n    \"remoteJid\": \"123@s.whatsapp.net\",\r\n    \"id\": \"BAE5959535174C7E\",\r\n    \"fromMe\": true\r\n  },\r\n  // optional\r\n  \"limit\": 10\r\n}",
                "options": {
                  "raw": {
                    "language": "json"
                  }
                }
              },
              "url": {
                "raw": "{{baseUrl}}/chat/findStatusMessage/{{instance}}",
                "host": [
                  "{{baseUrl}}"
                ],
                "path": [
                  "chat",
                  "findStatusMessage",
                  "{{instance}}"
                ]
              }
            },
            "response": []
          },
          {
            "name": "Find Chats",
            "id": "55345816-b322-47bf-9f66-411c8ead9afb",
            "protocolProfileBehavior": {
              "disableBodyPruning": true
            },
            "request": {
              "method": "GET",
              "header": [],
              "url": {
                "raw": "{{baseUrl}}/chat/findChats/{{instance}}",
                "host": [
                  "{{baseUrl}}"
                ],
                "path": [
                  "chat",
                  "findChats",
                  "{{instance}}"
                ]
              }
            },
            "response": []
          }
        ],
        "id": "84b58e33-0408-481f-9874-b82ceeb6e1bc"
      },
      {
        "name": "Group Controller",
        "item": [
          {
            "name": "Create Group",
            "id": "783e0b82-8960-4248-b432-9fa47697dd6a",
            "protocolProfileBehavior": {
              "disableBodyPruning": true
            },
            "request": {
              "method": "POST",
              "header": [],
              "body": {
                "mode": "raw",
                "raw": "{\r\n  \"subject\": \"Test 02\",  \r\n  \"description\": \"optional\",\r\n  \"participants\": [\r\n    \"5531900000000\",\r\n    \"5531900000000\"\r\n  ]\r\n}",
                "options": {
                  "raw": {
                    "language": "json"
                  }
                }
              },
              "url": {
                "raw": "{{baseUrl}}/group/create/{{instance}}",
                "host": [
                  "{{baseUrl}}"
                ],
                "path": [
                  "group",
                  "create",
                  "{{instance}}"
                ]
              }
            },
            "response": []
          },
          {
            "name": "Update Group Picture",
            "id": "f0288c97-00ea-4790-a510-9810b68775d0",
            "protocolProfileBehavior": {
              "disableBodyPruning": true
            },
            "request": {
              "method": "PUT",
              "header": [],
              "body": {
                "mode": "raw",
                "raw": "{\r\n  \"image\": \"https://i.pinimg.com/736x/25/78/61/25786134576ce0344893b33a051160b1.jpg\"\r\n}",
                "options": {
                  "raw": {
                    "language": "json"
                  }
                }
              },
              "url": {
                "raw": "{{baseUrl}}/group/updateGroupPicture/{{instance}}?groupJid={{groupJid}}",
                "host": [
                  "{{baseUrl}}"
                ],
                "path": [
                  "group",
                  "updateGroupPicture",
                  "{{instance}}"
                ],
                "query": [
                  {
                    "key": "groupJid",
                    "value": "{{groupJid}}"
                  }
                ]
              }
            },
            "response": []
          },
          {
            "name": "Find Group",
            "id": "bf7c0e39-056e-4d89-acb6-bc5fc850a3eb",
            "protocolProfileBehavior": {
              "disableBodyPruning": true
            },
            "request": {
              "method": "GET",
              "header": [],
              "url": {
                "raw": "{{baseUrl}}/group/findGroupInfos/{{instance}}?groupJid={{groupJid}}",
                "host": [
                  "{{baseUrl}}"
                ],
                "path": [
                  "group",
                  "findGroupInfos",
                  "{{instance}}"
                ],
                "query": [
                  {
                    "key": "groupJid",
                    "value": "{{groupJid}}"
                  }
                ]
              }
            },
            "response": []
          },
          {
            "name": "Find Participants",
            "id": "326818bf-c75d-4f1a-868e-a5079efff7a5",
            "protocolProfileBehavior": {
              "disableBodyPruning": true
            },
            "request": {
              "method": "GET",
              "header": [],
              "url": {
                "raw": "{{baseUrl}}/group/participants/{{instance}}?groupJid={{groupJid}}",
                "host": [
                  "{{baseUrl}}"
                ],
                "path": [
                  "group",
                  "participants",
                  "{{instance}}"
                ],
                "query": [
                  {
                    "key": "groupJid",
                    "value": "{{groupJid}}"
                  }
                ]
              }
            },
            "response": []
          },
          {
            "name": "Invite Code",
            "id": "daacb24b-86cb-4a95-abe3-13fd1dfe8304",
            "protocolProfileBehavior": {
              "disableBodyPruning": true
            },
            "request": {
              "method": "GET",
              "header": [],
              "url": {
                "raw": "{{baseUrl}}/group/inviteCode/{{instance}}?groupJid={{groupJid}}",
                "host": [
                  "{{baseUrl}}"
                ],
                "path": [
                  "group",
                  "inviteCode",
                  "{{instance}}"
                ],
                "query": [
                  {
                    "key": "groupJid",
                    "value": "{{groupJid}}"
                  }
                ]
              }
            },
            "response": []
          },
          {
            "name": "Revoke Invite Code",
            "id": "67291926-2d3e-4b97-911f-7f2760761681",
            "protocolProfileBehavior": {
              "disableBodyPruning": true
            },
            "request": {
              "method": "PUT",
              "header": [],
              "url": {
                "raw": "{{baseUrl}}/group/revokeInviteCode/{{instance}}?groupJid={{groupJid}}",
                "host": [
                  "{{baseUrl}}"
                ],
                "path": [
                  "group",
                  "revokeInviteCode",
                  "{{instance}}"
                ],
                "query": [
                  {
                    "key": "groupJid",
                    "value": "{{groupJid}}"
                  }
                ]
              }
            },
            "response": []
          },
          {
            "name": "Update Participant",
            "id": "aef56a44-c790-45d5-b370-7f5716c59d68",
            "protocolProfileBehavior": {
              "disableBodyPruning": true
            },
            "request": {
              "method": "PUT",
              "header": [],
              "body": {
                "mode": "raw",
                "raw": "{\r\n  \"action\": \"'add' | 'remove' | 'promote' | 'demote'\",\r\n  \"participants\": [\r\n    \"5531900000000\",\r\n    \"5531911111111\",\r\n    \"5531922222222\"\r\n  ]\r\n}",
                "options": {
                  "raw": {
                    "language": "json"
                  }
                }
              },
              "url": {
                "raw": "{{baseUrl}}/group/updateParticipant/{{instance}}?groupJid={{groupJid}}",
                "host": [
                  "{{baseUrl}}"
                ],
                "path": [
                  "group",
                  "updateParticipant",
                  "{{instance}}"
                ],
                "query": [
                  {
                    "key": "groupJid",
                    "value": "{{groupJid}}"
                  }
                ]
              }
            },
            "response": []
          },
          {
            "name": "Leave Group",
            "id": "4918cfc2-7b8c-483b-80a6-ee6c977f0772",
            "protocolProfileBehavior": {
              "disableBodyPruning": true
            },
            "request": {
              "method": "DELETE",
              "header": [],
              "url": {
                "raw": "{{baseUrl}}/group/leaveGroup/{{instance}}?groupJid={{groupJid}}",
                "host": [
                  "{{baseUrl}}"
                ],
                "path": [
                  "group",
                  "leaveGroup",
                  "{{instance}}"
                ],
                "query": [
                  {
                    "key": "groupJid",
                    "value": "{{groupJid}}"
                  }
                ]
              }
            },
            "response": []
          }
        ],
        "id": "e448a85f-92e6-4a3e-b400-1e58bebd1271"
      },
      {
        "name": "JWT",
        "item": [
          {
            "name": "Refresh Token",
            "id": "8fa47d1f-712d-4138-84cc-2b793e04b838",
            "protocolProfileBehavior": {
              "disableBodyPruning": true
            },
            "request": {
              "auth": {
                "type": "noauth"
              },
              "method": "PUT",
              "header": [],
              "body": {
                "mode": "raw",
                "raw": "{\r\n  \"oldToken\": \"eyJhbGciOiJIUzI1NiIsInR5cCI6IkpXVCJ9.eyJpbnN0YW5jZU5hbWUiOiJjb2RlY2hhdCIsImFwaU5hbWUiOiJ3aGF0c2FwcC1hcGkiLCJ0b2tlbklkIjoiYmYyYTQ1MjQtNzY2Mi00YjBlLTkzNDMtODEwNjNmNmU3MjgwIiwiaWF0IjoxNjczNTI5MDcwLCJleHAiOjE2NzM1MjkwNzAsInN1YiI6ImctdCJ9.RGWWXW_dSQO8yXAeP-UJRLlHR5bSPbGSm3yvcyl5KhE\"\r\n}",
                "options": {
                  "raw": {
                    "language": "json"
                  }
                }
              },
              "url": {
                "raw": "{{baseUrl}}/instance/refreshToken/",
                "host": [
                  "{{baseUrl}}"
                ],
                "path": [
                  "instance",
                  "refreshToken",
                  ""
                ]
              }
            },
            "response": []
          }
        ],
        "id": "088f2e19-b320-4513-ab9b-c19fa45d1b5c"
      },
      {
        "name": "Webhook",
        "item": [
          {
            "name": "Set Webhook",
            "id": "2b7ce76a-d3ab-4065-a984-3774a35492b9",
            "protocolProfileBehavior": {
              "disableBodyPruning": true
            },
            "request": {
              "method": "POST",
              "header": [],
              "body": {
                "mode": "raw",
                "raw": "{\r\n  \"enabled\": true,\r\n  \"url\": \"https://webhook.site/67b563b0-92ad-4c83-b622-7cdb52cd3d2b\"\r\n}",
                "options": {
                  "raw": {
                    "language": "json"
                  }
                }
              },
              "url": {
                "raw": "{{baseUrl}}/webhook/set/{{instance}}",
                "host": [
                  "{{baseUrl}}"
                ],
                "path": [
                  "webhook",
                  "set",
                  "{{instance}}"
                ]
              }
            },
            "response": []
          },
          {
            "name": "Find Webhook",
            "id": "a3e196de-3bc0-40b6-b907-831e1f2f8a8f",
            "protocolProfileBehavior": {
              "disableBodyPruning": true
            },
            "request": {
              "method": "GET",
              "header": [],
              "url": {
                "raw": "{{baseUrl}}/webhook/find/{{instance}}",
                "host": [
                  "{{baseUrl}}"
                ],
                "path": [
                  "webhook",
                  "find",
                  "{{instance}}"
                ]
              }
            },
            "response": []
          }
        ],
        "id": "700b438c-2364-4445-8f7f-e4eb55277a22"
      }
    ],
    "auth": {
      "type": "apikey",
      "apikey": [
        {
          "key": "value",
          "value": "{{apikey}}",
          "type": "string"
        },
        {
          "key": "key",
          "value": "apikey",
          "type": "string"
        }
      ]
    },
    "event": [
      {
        "listen": "prerequest",
        "script": {
          "id": "e8ad8234-cff6-4f20-87cd-228621878f96",
          "type": "text/javascript",
          "exec": [
            ""
          ]
        }
      },
      {
        "listen": "test",
        "script": {
          "id": "5b48e3ff-0ad5-4c2c-9060-edf1d55ad2dd",
          "type": "text/javascript",
          "exec": [
            ""
          ]
        }
      }
    ],
    "variable": [
      {
        "id": "66679b73-9e2b-4527-860c-1244be03ee55",
        "key": "baseUrl",
        "value": "https://api.codechat.dev",
        "type": "string"
      },
      {
        "id": "86676c38-18a7-4ece-b063-694c995364d2",
        "key": "instance",
        "value": "codechat",
        "type": "string"
      },
      {
        "id": "0737402e-02d7-412b-ba91-8751a59c4253",
        "key": "token",
        "value": "eyJhbGciOiJIUzI1NiIsInR5cCI6IkpXVCJ9.eyJpbnN0YW5jZU5hbWUiOiJjb2RlY2hhdCIsImFwaU5hbWUiOiJ3aGF0c2FwcC1hcGkiLCJ0b2tlbklkIjoiMjgyYjQxZmQtOWQ3OC00YzEwLWI0YTAtMGYzZWYyYzFmYjA5IiwiaWF0IjoxNjczNjk1NjAyLCJleHAiOjE2NzM2OTU2MDIsInN1YiI6ImctdCJ9.TVhYtPJmZfIl4YljfNX9I07B-Gu_VUgj7tUWQxxnLJE",
        "type": "string",
        "disabled": true
      },
      {
        "id": "8f404ede-6427-4163-9c51-2f220b841a2e",
        "key": "apikey",
        "value": "7259FC4B-2825-402D-9321-022978061B84",
        "type": "string"
      },
      {
        "id": "4a072016-743f-488b-b990-c0bac04d67f4",
        "key": "globalApikey",
        "value": "t8OOEeISKzpmc3jjcMqBWYSaJsafdefer",
        "type": "string"
      },
      {
        "id": "f8e70ac8-b445-4dae-8614-d1bb9eddb05f",
        "key": "groupJid",
        "value": "120363046555718472@g.us",
        "type": "string",
        "disabled": true
      }
    ]
  }
}